<?xml version="1.0" encoding="UTF-8"?>
<databaseChangeLog
        xmlns="http://www.liquibase.org/xml/ns/dbchangelog"
        xmlns:xsi="http://www.w3.org/2001/XMLSchema-instance"
        xmlns:ext="http://www.liquibase.org/xml/ns/dbchangelog-ext"
        xsi:schemaLocation="http://www.liquibase.org/xml/ns/dbchangelog">

	<changeSet id="USER_TAB_00002" author="USER">
		<insert tableName="user">
			<column name="name" value="Akash Tadas" />
			<column name="username" value="t-akashts" />
			<column name="password" value="t-ak1123" />
			<column name="mobile_no" value="77887766787" />
			<column name="email" value="akash@gmail.com" />
		</insert>
	</changeSet>
</databaseChangeLog>